id,col00_VdGRGIne75BjLL,col01_alYN0InDCwa2pA,col02_UvnU5lWWNVm.ry,col03_0yEB0bhySLBYI5,col04_Hw4FzEZD4y1yHb,col05_JP86Fm7W5bZBtX,col06_6zrJuVexexmYbA,col07_2LA5t4PJjRdns-,col08_6Fgbk.XxxW09cJ,col09_yo0TgQ0MRfhWvn
uWFhU8DKRAuqpjw.WFHvVZjMH8-ZrWX2eqgK_jhHKDkUn6YzPVxlbelc-1Sqnx9x,hkXk1,MwiaQ,g9gS5,2c-Fn,V9OG0,KplgC,NLqtI,x.q3B,e7OeZ,bPydQ
KaB.weU0.jDXv.RNG6fwFzeHTxliPUZs4xZycKen0Aer0vgPe1YlK8AaOWjB0Wy_,5s6QT,ht7Ec,MtQNu,A66nj,V9OG0,DD6Qy,x8CZk,lMoD3,e11B7,hthY.
5vuZzNA-AhUg8VH91x4mFx27uDOutsX3hIKobp6maw2TN.s7ang8QDnY1cpKdskV,tmMLP,gxo9F,UQtfl,Obbo_,XdBvZ,DD6Qy,xBo6r,2iFWv,e11B7,768ox
J9EpFj660BaM9p9XcqYQsR389.FUJP1tNLins8lAEsYeOkgQtBfiyAWL0_u7OjGh,gIjQE,gxo9F,WEtaX,3v9CQ,G3Nks,XF21S,Q1gvH,x.q3B,ILq4p,768ox
zyphj44x-etWimORxCIc-L2cm_5WZYMN.P31UGMnAM6qWcl5wUKiWOl0pTNL6nIe,yQIB.,3t_vF,UQtfl,--.6-,rIa2.,0dzjd,V0L9H,OiFqJ,sTe7C,VKr.r
eUGornHmCev_Afu0uqSE6e7g9InVLEHpl8Kx7MW2qCvPtgKQwNKKOBDRIpbzlWVA,zhQB7,YNJyK,WEtaX,--.6-,XdBvZ,4YCQB,DVpeQ,Txso6,_IJvw,SJZXY
9TsY-cfdoqxIFTjnYo5j0dINdh9FRHUnUBQBuF97-jT-bUOl57Vc30Sjgw7mnXT.,3ScI2,baQA8,WEtaX,hpUyl,XdBvZ,XF21S,ByGUb,MCH6Q,ODiBv,bPydQ
w7g-zY_izgnnm0lPEcDC7Z9rweif3hTuJ6vwCogCjpsqpt0Ji-9.gYhRRpRmfsK9,zT0YO,ht7Ec,WEtaX,xurSy,Sp.ly,DV299,DVpeQ,AHwC4,_IJvw,hthY.
uMrGmAxxO0TXi.iCoSMSn4Hq8AEc.n6dz-giM5YD4wCFsKJCAoDVTSsr6BFMGygM,hKdIM,ooUN.,g9gS5,Xd4P1,G3Nks,gW.xV,pv-Tz,AHwC4,e7OeZ,VKr.r
2K6Q5X-NZjFrOQAZlWPFfroA4HgEq5hZnELkD31VIeowTnVm3689CAYt9.9E2yBU,oPJko,qOUeL,MtQNu,aLkfE,XdBvZ,KplgC,DVpeQ,lMoD3,olZf0,CmGIU
GnSfB6X62Lo.tqSqsNi3N6bE52LGZyrpsL6mdpfgT5tlckcz2xtyRjFk6P9Rihlr,rTAvj,ht7Ec,9Ld2q,Obbo_,G3Nks,KplgC,Q1gvH,OiFqJ,ILq4p,.NfHb
d-9qdd_tjF9hUhfXLor1dKYBuwexfbXN9U-2QzXGpaVR7sXvFhjuL.a96xIV.prB,Wv477,gxo9F,9ZCLG,2c-Fn,4Q9SB,DV299,ByGUb,OiFqJ,ILq4p,hthY.
4QtBVdYI8EC0XpyX8EEwzfCuY3vt_0M8AhFWwgEn1i2yhgPM1fBEQAWhJYH7t5oW,2KmOm,qOUeL,MtQNu,--.6-,XdBvZ,DD6Qy,xBo6r,x.q3B,sTe7C,1svW8
4aoiH3_e7dNX477Ytta.slcgoP6Pimg2i7kEVjKpcv4wVjDnZN5qARL2QK8EfE6c,VvJLc,YNJyK,bDuML,2c-Fn,2mf67,4YCQB,V0L9H,lMoD3,_IJvw,CmGIU
OLPAQyCxTkK0mlkMcvJFQmWVTVf-_6hkjRaibKcWraX9fi.YdGctnDlLXBXSEtDA,pUHRe,3t_vF,RmLT5,m8kr7,4Q9SB,gW.xV,V0L9H,x.q3B,_jULq,bPydQ
fOen_hRrN6GjgcA4C1EbQov3cTZOsCf0s644r75GWX021me5fXCM1RrvfTuRPn-o,DWmj1,3t_vF,g9gS5,Obbo_,4Q9SB,KplgC,NLqtI,F3dMT,ILq4p,l9AYA
hLFYag8F1Z2xtcq78yiXOcMDB2sOq0oq-ND9Tef.t1qlFTCztpDSmUwZji.uy876,BasPb,ht7Ec,MtQNu,--.6-,V9OG0,4YCQB,DVpeQ,MCH6Q,sTe7C,VKr.r
bQDfQimrG3N1tYCZ_COZlermh18tDvI2zXd2mViGumV.bf.8K6EDBb4SSqbNJDnn,63lql,MwiaQ,MtQNu,2c-Fn,2mf67,Uc5u5,ADdit,u.x3F,sTe7C,VKr.r
qXZmRGVxYHqH4C6RkQomM5Hv1nW57DLBJqnBYf0rVX2aWbt1iCzf6fRzHJPUmaD7,L_bEn,qOUeL,RmLT5,hpUyl,2mf67,2k0Fs,V0L9H,OiFqJ,olZf0,CmGIU
yc1-MvD0JIVvfZX8s.2ETgMsQFWquUDtQFnyWVueeFuAzR5ZOGyinHE1Gjj0YfHX,7kKc9,ooUN.,RmLT5,--.6-,V9OG0,KplgC,x8CZk,OiFqJ,sTe7C,bPydQ
XaqoqhiLG1oFToQAmGLVAKNcjt__qYaAShVfGQKZ7m9hOz5UsLJ22KvKEBJF6_3E,lWpKh,gxo9F,s1cmr,aLkfE,V9OG0,0dzjd,Hf7mh,MCH6Q,_IJvw,CmGIU
s94UQcbVwh0w5fVjPmoK31P25w5CuIC0_fb5oo_w.XCDj4Kfri8S_7a6u8k1Ku7s,mFzLT,YNJyK,g9gS5,3v9CQ,G3Nks,XF21S,xBo6r,lJmGX,ODiBv,bPydQ
smaF_ovxCPusX4Jx_txs6fLj5kGH07H1fBJhaAqbMH5NqM_Hwcz37zrlPDY8XLgP,NefTi,3t_vF,7-0-h,--.6-,V9OG0,DD6Qy,Q1gvH,x.q3B,_IJvw,l9AYA
MPKGlE5wf2s78nyZZqOasiAZYk6Q3bi-tT-U_b4TxLpyrXeAgZiqs1DvN.vaOplU,IVnwT,gxo9F,bDuML,Obbo_,Zaf4X,Uc5u5,Hf7mh,x.q3B,14fUo,SJZXY
6_HKuVyt21VQcLlitFR2dxv2lt0BNDqzEvu8NBr.5a4N0c7zgd9OU.GhtH_sixV6,WHMzW,3t_vF,RmLT5,aLkfE,2mf67,2k0Fs,xBo6r,AHwC4,e11B7,hthY.
jf.wyhKYmRoVWaGc3mNbaOZfw4uo0MWK7FclzPwLda0fwA1ObyuvdrY0mPe.Ui9k,IXuzt,Y0uhA,9ZCLG,xurSy,37Yv5,2k0Fs,x8CZk,2iFWv,e7OeZ,1svW8
vxMxCQb9.KOkw4qhwE10HkXEZbK88WHJKI4EdXnOrmnC3UJNpVencmBf-3LiW_Zh,6K5IC,baQA8,WEtaX,xurSy,4Q9SB,cbfEl,pv-Tz,F3dMT,_IJvw,hthY.
K0nH1rzCQH9UogRcCZLlDiC.0WjAl5N2djEJT0UBW3Ej3nJ2iwEeu4nh5Nmz1wvQ,60X-U,YNJyK,RmLT5,aLkfE,rIa2.,Uc5u5,ByGUb,lMoD3,_jULq,4NQ0r
eQrLJNQdCXYiWXJ9ZFgwE5GHZ8a3MjCMg4Mx5_N3R5b1loC3_iLpqLCEGDxZ7Lj2,yLHxO,MwiaQ,WEtaX,--.6-,V9OG0,Uc5u5,V0L9H,OiFqJ,e7OeZ,768ox
FZNnZALXcN610IcoGdK529E5qOyilctSv_-o5d0ig5BcSvAw5Y7ggX8odEmyj-P1,Avzqh,ht7Ec,bDuML,Obbo_,V9OG0,Uc5u5,ByGUb,lMoD3,sTe7C,hthY.
-NXZbIQZIzT.YqRbZntE1T5fhkPSxJU.FLvei3xGwaxlIB32LF-48w0B3XWRhaH-,TjpNU,ooUN.,UQtfl,2c-Fn,4Q9SB,2k0Fs,V0L9H,lJmGX,_IJvw,.NfHb
ySPhBKElhCVFDHbvKKSYmisHbOQVruCkGQZUPw1KdHtehDmOs64R.tYUzpdURTSX,Fa_Hf,pCl54,MtQNu,aLkfE,V9OG0,DD6Qy,pv-Tz,F3dMT,e7OeZ,hthY.
ymWk7U0pBXU-Z9ulSk_YPvvQT6v_safkL0JeZnPEkB-eQi8NWm1skQwvjE6VZVS4,NMFma,gxo9F,9Ld2q,hpUyl,G3Nks,Uc5u5,ByGUb,MCH6Q,14fUo,VKr.r
g3LymhkwOOgGFwEFi31z9faJAqT5I_s_JgOKiYJjV-Gh-PCxL3IR6SFDbTfzQ5ev,-xvg1,ooUN.,UQtfl,Xd4P1,G3Nks,Uc5u5,V0L9H,F3dMT,_IJvw,SJZXY
KROG._cGgb6v1pnphQH0bK1jM1ZLUcyJ11DfkXyc5b9yh_bTaiLpnNSplnhVu.vL,mDO3B,qOUeL,bDuML,Obbo_,G3Nks,DV299,Q1gvH,x.q3B,ILq4p,hthY.
VZgRu.59Z9EMbSgBqqxKy_c6HAEr-IVdkIkFxQ_2kpROaqWXppwTGFJdum6T1pmO,EqB5X,qOUeL,9ZCLG,3v9CQ,rIa2.,4YCQB,Hf7mh,lMoD3,_IJvw,l9AYA
JSg-glkIXIZ6Y5pAeRrknaoUL1mDVeav8UiWVgtlQo5g8KvbYpffof0UwJuPTsxP,027SN,Y0uhA,RmLT5,m8kr7,G3Nks,2k0Fs,pv-Tz,u.x3F,olZf0,SJZXY
EeA3BSewN3EmsUx60UflgmwwFu5edfqKyLYivIuoFOEPfoKdDc-inoauHT3jXGzB,PoFw7,pCl54,RmLT5,aLkfE,2mf67,0dzjd,ByGUb,u.x3F,14fUo,SJZXY
7R9DIzvY1rdxYyM2tWWl2E1l3P5gMJ.ZxqMmhL7QEDcAL6Yu8oSIMb990y7IHo_Y,tskaj,baQA8,MtQNu,Xd4P1,Sp.ly,DD6Qy,V0L9H,x.q3B,14fUo,bPydQ
Yf4IWHLdwRRMitxsftJaSRhMVbpX76pVoDtrWyIYK51Kq9ODbFoFwj0VW9lH2p6i,ebOD7,Y0uhA,7-0-h,xurSy,rIa2.,DV299,DVpeQ,2iFWv,14fUo,.NfHb
jHeU_q30Q7hCxZFGd1_A_cSL5VGlWldZa.IhpSObxv0hdyOb9pIA5C6mJSs0L8dP,vsAIR,ht7Ec,RmLT5,aLkfE,XdBvZ,DD6Qy,ADdit,lMoD3,ODiBv,768ox
D3xYVf3sbemm9m8nRBespy7SVMecIdtIv3vBmc8TsP4071RFF-3xVXuRK3_88qX4,DkT8X,ht7Ec,UQtfl,aLkfE,37Yv5,KplgC,pv-Tz,x.q3B,_IJvw,1svW8
edxc6G9OMWjk8xYr5u9l7T0JqTQF4S3aSSHv3QhMI9lteNCrSk1H4cHdyGpfzg7Q,Zxz_Q,MwiaQ,WEtaX,aLkfE,rIa2.,gW.xV,Hf7mh,lJmGX,_jULq,CmGIU
CsszyRd308vEv1rlj_O99.uYXDpGSEkqSzF6yhBa5zBJEQvUF_8bNjsXJbirvMHz,4sKj8,3t_vF,s1cmr,--.6-,Sp.ly,cbfEl,ByGUb,Txso6,olZf0,.NfHb
VAoEHdog3zMGQ8QYEckfn0RZdYFjSQ0DDZ0cHouTXtl0lvoBB2gy0U7pJT2WYpb-,eD1eq,Y0uhA,UQtfl,--.6-,G3Nks,4YCQB,Q1gvH,u.x3F,olZf0,768ox
LKNrFohTi4sl1XqtTnwEW6dstDAIvQIW55ezPRmUbwcqSu-JkYRarcJjKicUHOF7,tIXF.,3t_vF,UQtfl,2c-Fn,Sp.ly,Uc5u5,Q1gvH,AHwC4,olZf0,768ox
sdEmH9afMl-kba9hnFD20f9V-iuBnvjqKMUw.d3mQyJJ0hrS-.lvShoUprqezAnJ,Y-rdc,gxo9F,s1cmr,Xd4P1,Sp.ly,DV299,x8CZk,MCH6Q,e11B7,1svW8
0IlarcpzrkQ1bLaeBgGM7cHcII.hiZUPWz.GW4.WrN3BxX8dPyh_n0fJqbTR1Ac6,dkzJ4,YNJyK,s1cmr,2c-Fn,au5Di,Uc5u5,ByGUb,u.x3F,FWG9o,SJZXY
ia3UgyK98mNONH_2.pRdipUY2ChN6qpvYQu9RYoiOGTywjK-.7nQC-1qkbD_DuhK,inNgL,gxo9F,g9gS5,hpUyl,Zaf4X,2k0Fs,xBo6r,F3dMT,sTe7C,.NfHb
PJAIINYuhgOirZ5bAuWHks5NNGlR5-RG9xJws2.B_aLai-BWold2fbo5iSi9oBH1,EEV6i,Y0uhA,bDuML,Xd4P1,Sp.ly,gW.xV,pv-Tz,u.x3F,FWG9o,hthY.
v6pb_GT2NiE3aohP2eEOqhkBIGcV5IQ7S61Uyw3XAol1tjVCrcH7IMMfSUQ72NXy,AgWe1,Y0uhA,MtQNu,Xd4P1,37Yv5,4YCQB,xBo6r,AHwC4,14fUo,1svW8
xWQexO-i8Ny0IM.WPhzkAhK4iXGzL2P3TyKetk3HfZmm_wDNFxVg89yGtHi8JHda,_y2dW,qOUeL,UQtfl,aLkfE,G3Nks,2k0Fs,ADdit,MCH6Q,sTe7C,768ox
F2hnbM1OSH9zkCdVr9RM0-YMIFJwMRJBvSJDDN-l1X0gJaed9xR9H1USk1hEvBjT,T5HdH,ooUN.,9ZCLG,m8kr7,G3Nks,KplgC,x8CZk,MCH6Q,14fUo,4NQ0r
7nw.f6-_nauR0QsC6z1o6PaKMzO9BHeN0pFc8-LOtJOrD.anIpWDjvrZbda.MQcj,Hrqcp,ht7Ec,MtQNu,2c-Fn,V9OG0,DD6Qy,xBo6r,lMoD3,_jULq,.NfHb
ZfJEbjm65GXvMogyKPlunZznaeNJZNqup2si8e_zDkUJw81rlE57-wBH6BAc7YPG,t7Tk4,MwiaQ,9Ld2q,A66nj,Zaf4X,Uc5u5,Hf7mh,OiFqJ,FWG9o,4NQ0r
Vbx50EG5Sm3ESNDIefWa4PS6LaZvefnBeSOJ06VeloTJdjLtfoTlmkkn-8av0fbt,scsD9,MwiaQ,7-0-h,aLkfE,37Yv5,XF21S,DVpeQ,MCH6Q,_jULq,1svW8
DSx1RA_QM6t8b1in1Vibxn7z0pNPb60g9RDErPskhWYN84qeQlroWpbLVVDRdKlY,ZX2Tw,YNJyK,RmLT5,--.6-,37Yv5,0dzjd,Hf7mh,F3dMT,ODiBv,CmGIU
Dh8UfyEM0BorHJ0nMPWseq9pj2USMWkZs2ya1pIKj65SIf-I9V-o712gz58Jkk6w,GwvlJ,3t_vF,MtQNu,A66nj,au5Di,Uc5u5,Hf7mh,MCH6Q,e11B7,768ox
gq62erT39CvQiqNNXgdrYOIqYu41ebq4uWBy.cZhsc.-T6SN_rMZjNcO2DN3D0ty,h93f5,gxo9F,7-0-h,2c-Fn,4Q9SB,Uc5u5,NLqtI,u.x3F,e11B7,4NQ0r
Pnv2LNEkJxwjvCWDSMxMtEn.7L49hQDkDgsi_ibKYBAhf_qzjZnfylajTrRvDD9x,sEjMQ,3t_vF,s1cmr,A66nj,au5Di,DV299,Q1gvH,2iFWv,olZf0,CmGIU
2h-WeKsoqCYy-H_L-twwYucEtOtuuCJ_8m0Doq6-MH35biT5_KgoBltZ.Ix4CAFt,EAJen,ht7Ec,s1cmr,hpUyl,37Yv5,Uc5u5,pv-Tz,lMoD3,_jULq,bPydQ
D58z0WVeK_1FMT8TGmUiZFB0691nyzUyNCO3qlQV8HRoSw.yItBl-FXhTHgxP4Uy,tgrlk,Y0uhA,9Ld2q,3v9CQ,XdBvZ,XF21S,DVpeQ,Txso6,e7OeZ,CmGIU
IFh4KhaayhzIX05m1N7klU5IT6iR-uRMSGD91TBEf8wPhs63CZJC5BkCI_X0Gygg,O4XgX,3t_vF,WEtaX,xurSy,XdBvZ,gW.xV,ADdit,lMoD3,sTe7C,VKr.r
5_.yv9QcJ2OTgj35fu2T3um.KWO4a5p5_nO0yxT2mD.oOlRCdQJvxsBgYDFSOruq,wTc_K,3t_vF,MtQNu,A66nj,Sp.ly,XF21S,ADdit,Txso6,FWG9o,4NQ0r
iIYWvudMgQ.KSy3phSLi.hgqMZkPpee17n5R_AnJlaW2wM_Wko.QfvHowAKy-GEU,a._TK,YNJyK,9Ld2q,xurSy,V9OG0,XF21S,NLqtI,AHwC4,14fUo,768ox
nfuvRPVYH1WOVQVoBAVol6VNZPM-owoTJs_44vy-WkTYcqbIQtWLGXMi4pq203h8,WoIEV,Y0uhA,MtQNu,2c-Fn,4Q9SB,4YCQB,Q1gvH,Txso6,FWG9o,1svW8
lkpnNl3LV.VvncBAcDxcb1zISscCMxXZo_I.-Zt8ECLuj6LNX32vbCCqmAhhsJri,q2q5l,ht7Ec,RmLT5,A66nj,Zaf4X,Uc5u5,x8CZk,Txso6,_jULq,VKr.r
siO3KdvpPBFe4Rr-iT.XK3O7.gzGiTQahThHe-xEHdfjvxBp2OsRAZoi60KzcCwV,JE.XJ,3t_vF,s1cmr,aLkfE,rIa2.,4YCQB,Hf7mh,MCH6Q,sTe7C,768ox
eBwusDjO89FO5NUwdPgbC5Wz6gPQB5e7Qxa2_UhXiRAX6lEp10H6WoNZ6-4qroBK,9zZMC,ht7Ec,g9gS5,3v9CQ,Zaf4X,XF21S,Hf7mh,Txso6,ILq4p,CmGIU
4tFEfUFieZfp_bD3ThYOhgrxmW5.6N2Hb38t58A6e9kIbFDJsU_wcnU9.w7Up7Up,00-vO,gxo9F,g9gS5,xurSy,Zaf4X,4YCQB,NLqtI,AHwC4,_jULq,SJZXY
SntExPK_C4KFxnDowudlGljW7QDJfwnoWI2zsptcOlv2yW67yXDAb5fpUc3yQHpA,sPjD-,gxo9F,RmLT5,hpUyl,G3Nks,DV299,DVpeQ,lMoD3,_IJvw,768ox
Kafk-vDk9BaZ.06c3MBpWXWFWRFRfWgFwYs7a4wQ39CpJuIQe1bYoLgInACIW-OF,9UcQb,ht7Ec,7-0-h,aLkfE,37Yv5,0dzjd,ADdit,u.x3F,_jULq,CmGIU
aJz2z6QD2rUYdWbrmggjyDlkyHS6lwkCKe9zcgooIGNNcIZ3l89B9Tzdw9zyVaOQ,o1.f6,YNJyK,RmLT5,aLkfE,XdBvZ,DD6Qy,Q1gvH,MCH6Q,ODiBv,1svW8
PzdtyUb8WHAFNSFymC3LV.9xhsgm9VqzCc_wr8rhwTnNEHT-50JHld6kTpOSiJFg,Q0KTM,pCl54,bDuML,aLkfE,37Yv5,DD6Qy,DVpeQ,OiFqJ,sTe7C,VKr.r
JXNRHqtcRT_.4c0Bt5ok6gxGBp1ftZml1WwnYq.LFQc6KQZpCwbwousRg0ybVZv7,TOgs9,Y0uhA,RmLT5,Obbo_,Zaf4X,DV299,V0L9H,OiFqJ,ILq4p,VKr.r
rkaNKNZt2ZxKe4_nvo6SSgK.W_tDY0E1y_gncw6F83A2uZ.eE2je9tuhlmhq1_LV,6TsUH,ooUN.,9Ld2q,aLkfE,XdBvZ,XF21S,ByGUb,MCH6Q,olZf0,l9AYA
ZSKw6eCOf2O9P8PBaF0C-zePmw1Cw10df9xLauXh4YJTC0E2l_nu6n_-azTAp9TD,RGD-e,pCl54,7-0-h,--.6-,rIa2.,Uc5u5,Hf7mh,AHwC4,olZf0,CmGIU
gVCLYWjAUW.Y-tCer4VyJ_5K9lLsUnDgRw3coUE4Az2rX3BCU2n2aryk26ET7S8j,Ys2Ri,qOUeL,MtQNu,hpUyl,2mf67,KplgC,V0L9H,u.x3F,14fUo,.NfHb
2r5IEd3UUqy2oWnO56f0895I2kwSG.5cgJrP0RnlkXB_H-_i3KZdHF_YVTbBCxzH,XXIqS,ooUN.,bDuML,xurSy,rIa2.,DV299,Q1gvH,F3dMT,14fUo,768ox
dilSH_nIZfMLZ_Dde4av_uMdlCENP_rIrF-4Jtze3LSRfgpNB5CB7xO_m6ZGUWJU,p0scG,pCl54,WEtaX,m8kr7,37Yv5,0dzjd,x8CZk,lMoD3,14fUo,768ox
j.cSgLACsASoRdmbOekydttbEXwTpS9JWDIz6e-aH46jClIBMcy9rQa5q1Yu8kmO,o2L1d,YNJyK,WEtaX,2c-Fn,au5Di,Uc5u5,Hf7mh,AHwC4,e7OeZ,SJZXY
PmsyCNqmDZyEtMJGwkUG2G6wup57hqACrFirhVp_hhvW6Bo.qVgYHv5KFBrbWZqQ,5rWjS,qOUeL,MtQNu,Xd4P1,V9OG0,Uc5u5,xBo6r,lJmGX,_jULq,CmGIU
uxaBAp9SsEuPKwyTk7R-LFSmGTC1uNfVDz7Zkyza.M__2j2E_o4lmC.rzlroaOJ4,0k9PH,baQA8,9Ld2q,m8kr7,37Yv5,0dzjd,Q1gvH,AHwC4,e11B7,CmGIU
DDmkJH85.LXnKTXuCB8CiI.W.z5zsBAInUAG23pGpPRLD_-2BQc_o5DT1yWfY2nH,pJziA,baQA8,RmLT5,aLkfE,V9OG0,cbfEl,DVpeQ,AHwC4,olZf0,4NQ0r
B85SFtpz9dw9TaOEqDGarSc2qLLxFTJpElDDGAbR8mGtuRbYV4h.r-ZHqbLxFQgF,OsIsR,3t_vF,s1cmr,xurSy,4Q9SB,gW.xV,V0L9H,lMoD3,_IJvw,SJZXY
JT_nRQP8pxxDkpXsI7ly_GXxnAuoL3IPpsdiHUbMli5V4pL1fIqLUuYm4LjvwvtT,E3NAo,qOUeL,WEtaX,--.6-,G3Nks,0dzjd,Hf7mh,F3dMT,e11B7,4NQ0r
4cNhO_pwPuabgQUNNJXrPiIBOvc7LqYf7At4-QWvxlvWzj1V.kd0BRgPhuFSMyKk,AbWPY,Y0uhA,UQtfl,Xd4P1,XdBvZ,gW.xV,pv-Tz,lMoD3,e7OeZ,768ox
cD5WEyunlK7De0rlBJ4eVNsLSXHGR4aLUakZmUdNIqLBmfcrVvTCfzDOIVJbYRkx,hqLMB,gxo9F,bDuML,Obbo_,Sp.ly,0dzjd,Hf7mh,u.x3F,ODiBv,hthY.
E5v0TN6JLZky128_DOmsTcjI7rKHhBkc4EXvLtWFPOt__TwzALtQRAwo_TOzD5vd,EqL-x,qOUeL,g9gS5,2c-Fn,V9OG0,2k0Fs,x8CZk,lJmGX,e11B7,CmGIU
I-PkUQqZcFeveQVyNqs2fsE.HenUPlkDDFTC8oEnuur2HphYj6Tg45xeSpAFW1pk,IYe_3,MwiaQ,WEtaX,--.6-,rIa2.,DV299,DVpeQ,lJmGX,14fUo,4NQ0r
JIADbnn6ZMkzGAtSqhmdq253yAsffdt1fxjI-Y7QDcH84J26Eyv0ByynYgy_yDbG,zGlzI,qOUeL,9Ld2q,hpUyl,G3Nks,4YCQB,Hf7mh,OiFqJ,14fUo,.NfHb
C-8ISXtmM_qLpANzaXSUdIe9f-gdxZZH6b4IBTc.mjSbR5u0niPj_b6GeX2pOCWi,w_Fpq,Y0uhA,g9gS5,Obbo_,XdBvZ,2k0Fs,ADdit,lMoD3,ILq4p,768ox
9vtnRek7Pm4ZAchMrQhU02.tYpCbELW3GWtURK6NQ_18SKXZT-C5ezeVnMTIgqWC,CNkR3,gxo9F,RmLT5,hpUyl,37Yv5,cbfEl,ADdit,MCH6Q,14fUo,CmGIU
rMrtirAemKE-_NaXKhj-LUPNK0Eq8vMwonfQOrXEZWSkCujblR5NnaZj5CE87fZv,2YgwW,gxo9F,MtQNu,3v9CQ,rIa2.,Uc5u5,NLqtI,2iFWv,ODiBv,l9AYA
SPEMuAuTaJ6TpJvey-JYaFEIS-iO8RK5UBCagQwcm4Nw5QGydE4yW6bYp07M6QZe,2CRV2,ooUN.,WEtaX,hpUyl,2mf67,2k0Fs,pv-Tz,lJmGX,14fUo,.NfHb
fl_eLKBwreyd-tMlR7yRgNDC.bBouMB-XCjsrGDwdXXDXeLt9yvaXAJhLKUwWS5O,wlkqq,3t_vF,s1cmr,xurSy,37Yv5,DD6Qy,ADdit,lMoD3,_IJvw,4NQ0r
KPayg5h_FCjFUeghxox1AR_n_O8C.M0Tp5DvNYqNsgb304e5aeuq2JUswzXM0uDZ,4JV8D,ht7Ec,7-0-h,3v9CQ,V9OG0,Uc5u5,pv-Tz,AHwC4,olZf0,l9AYA
C5a5meblyyEUSAc.tFinqtCs.F3I0_glbnHJnUxQljqquAQkBl6rRng-9t6cx720,XkYTQ,Y0uhA,s1cmr,3v9CQ,V9OG0,DV299,ByGUb,lMoD3,sTe7C,hthY.
mf0ve8UZ3FniGtOiuP74BEnazgK9O21l-EjFbeRuPJB2BTZXwfvDQGtjpk12LY4h,aYSi2,Y0uhA,7-0-h,--.6-,XdBvZ,DV299,ADdit,AHwC4,ILq4p,bPydQ
jWy5q7AougQbn3bFs5fU3V7vYXC2bovHUftshn_ugxHY2gQ8.w_ItmF3Z6A53FNF,CwVBP,ht7Ec,UQtfl,2c-Fn,Zaf4X,DD6Qy,ByGUb,Txso6,e11B7,VKr.r
