id,col10_hNz3PRWb9FGRuU,col11_f1oq4lQoMau1mn,col12_kBzYFHQPZkKEkp,col13_SCaSbPQXJByQQp,col14_6CK8Yvil76eauS,col15_22h0ng69ZNOHXk,col16_eufMvmiej3q2SM,col17_NtWGu57kb7Fgsj,col18_wErmebSvcGW810,col19_1zn0Gq-jZkyWx3
uWFhU8DKRAuqpjw.WFHvVZjMH8-ZrWX2eqgK_jhHKDkUn6YzPVxlbelc-1Sqnx9x,hkXk1,.sSje,QRhD-,w-iC3,XqACJ,HsCkP,OtGuY,x5FBU,Z8Z7L,0L4mR
KaB.weU0.jDXv.RNG6fwFzeHTxliPUZs4xZycKen0Aer0vgPe1YlK8AaOWjB0Wy_,5s6QT,3cB27,p4oda,LDj0t,TTX6z,HsCkP,H2reS,Z8aLm,uB9-x,OvQhg
5vuZzNA-AhUg8VH91x4mFx27uDOutsX3hIKobp6maw2TN.s7ang8QDnY1cpKdskV,tmMLP,Q78Tu,p4oda,w-iC3,jc_dh,gkKdx,vplUv,Z8aLm,y1w2j,OvQhg
J9EpFj660BaM9p9XcqYQsR389.FUJP1tNLins8lAEsYeOkgQtBfiyAWL0_u7OjGh,gIjQE,3cB27,s1YYV,jUUiE,Y86NM,jDpBf,vplUv,xE_OZ,Z8Z7L,_N2pO
zyphj44x-etWimORxCIc-L2cm_5WZYMN.P31UGMnAM6qWcl5wUKiWOl0pTNL6nIe,yQIB.,y5sj_,s1YYV,JzxyC,0o1Fa,jDpBf,TioYt,iGEzy,mu2K_,jCkx5
eUGornHmCev_Afu0uqSE6e7g9InVLEHpl8Kx7MW2qCvPtgKQwNKKOBDRIpbzlWVA,zhQB7,wvj05,7UUWt,jUUiE,Tgme-,HsCkP,gOE3J,7CuyX,YgFLI,IUVB1
9TsY-cfdoqxIFTjnYo5j0dINdh9FRHUnUBQBuF97-jT-bUOl57Vc30Sjgw7mnXT.,3ScI2,TkvHh,.ZeEz,sgn0W,XqACJ,jDpBf,vplUv,yS8md,FAYRl,_N2pO
w7g-zY_izgnnm0lPEcDC7Z9rweif3hTuJ6vwCogCjpsqpt0Ji-9.gYhRRpRmfsK9,zT0YO,TkvHh,HBn8A,sgn0W,Y86NM,jDpBf,hPAXK,WGxtU,y1w2j,SNlU5
uMrGmAxxO0TXi.iCoSMSn4Hq8AEc.n6dz-giM5YD4wCFsKJCAoDVTSsr6BFMGygM,hKdIM,wvj05,p4oda,doesL,Tgme-,jDpBf,2NWK6,KADO9,pv91O,VmTXi
2K6Q5X-NZjFrOQAZlWPFfroA4HgEq5hZnELkD31VIeowTnVm3689CAYt9.9E2yBU,oPJko,vF-X9,mnmmN,jUUiE,XqACJ,HsCkP,2NWK6,yS8md,YgFLI,WiZaH
GnSfB6X62Lo.tqSqsNi3N6bE52LGZyrpsL6mdpfgT5tlckcz2xtyRjFk6P9Rihlr,rTAvj,3cB27,mnmmN,sWybg,5YV3f,y.yeW,gOE3J,x5FBU,lJyfp,0L4mR
d-9qdd_tjF9hUhfXLor1dKYBuwexfbXN9U-2QzXGpaVR7sXvFhjuL.a96xIV.prB,Wv477,TkvHh,p4oda,jUUiE,Y86NM,HsCkP,vplUv,MS-Mm,Z8Z7L,WiZaH
4QtBVdYI8EC0XpyX8EEwzfCuY3vt_0M8AhFWwgEn1i2yhgPM1fBEQAWhJYH7t5oW,2KmOm,Q78Tu,.ZeEz,vXsI2,Tgme-,CZ_Ri,gOE3J,MS-Mm,Z8Z7L,_N2pO
4aoiH3_e7dNX477Ytta.slcgoP6Pimg2i7kEVjKpcv4wVjDnZN5qARL2QK8EfE6c,VvJLc,wvj05,QRhD-,3TH8m,Y86NM,LBww9,TioYt,KADO9,y1w2j,l0FNy
OLPAQyCxTkK0mlkMcvJFQmWVTVf-_6hkjRaibKcWraX9fi.YdGctnDlLXBXSEtDA,pUHRe,wvj05,HBn8A,sgn0W,KhqlJ,HsCkP,H2reS,7CuyX,Z8Z7L,IUVB1
fOen_hRrN6GjgcA4C1EbQov3cTZOsCf0s644r75GWX021me5fXCM1RrvfTuRPn-o,DWmj1,wvj05,rhPMP,LDj0t,cqP66,CZ_Ri,RA279,yS8md,YDtVC,VmTXi
hLFYag8F1Z2xtcq78yiXOcMDB2sOq0oq-ND9Tef.t1qlFTCztpDSmUwZji.uy876,BasPb,wvj05,.ZeEz,sgn0W,Tgme-,y.yeW,RA279,WGxtU,y1w2j,WiZaH
bQDfQimrG3N1tYCZ_COZlermh18tDvI2zXd2mViGumV.bf.8K6EDBb4SSqbNJDnn,63lql,.sSje,rhPMP,jUUiE,Y86NM,y.yeW,vplUv,yS8md,y1w2j,OvQhg
qXZmRGVxYHqH4C6RkQomM5Hv1nW57DLBJqnBYf0rVX2aWbt1iCzf6fRzHJPUmaD7,L_bEn,vF-X9,QRhD-,jUUiE,cqP66,WAa3x,H2reS,WGxtU,pv91O,_xpC6
yc1-MvD0JIVvfZX8s.2ETgMsQFWquUDtQFnyWVueeFuAzR5ZOGyinHE1Gjj0YfHX,7kKc9,6Xwg-,7UUWt,JzxyC,5YV3f,jDpBf,QBB5x,iGEzy,YgFLI,l0FNy
XaqoqhiLG1oFToQAmGLVAKNcjt__qYaAShVfGQKZ7m9hOz5UsLJ22KvKEBJF6_3E,lWpKh,vF-X9,mnmmN,3TH8m,XqACJ,jDpBf,gOE3J,iGEzy,lJyfp,SNlU5
s94UQcbVwh0w5fVjPmoK31P25w5CuIC0_fb5oo_w.XCDj4Kfri8S_7a6u8k1Ku7s,mFzLT,TkvHh,QRhD-,doesL,BN7YN,hcZ1c,QBB5x,7CuyX,y1w2j,WiZaH
smaF_ovxCPusX4Jx_txs6fLj5kGH07H1fBJhaAqbMH5NqM_Hwcz37zrlPDY8XLgP,NefTi,6Xwg-,why8W,w-iC3,KhqlJ,hcZ1c,RA279,KADO9,pv91O,l0FNy
MPKGlE5wf2s78nyZZqOasiAZYk6Q3bi-tT-U_b4TxLpyrXeAgZiqs1DvN.vaOplU,IVnwT,.sSje,.ZeEz,jUUiE,KhqlJ,CZ_Ri,H2reS,WGxtU,YgFLI,IUVB1
6_HKuVyt21VQcLlitFR2dxv2lt0BNDqzEvu8NBr.5a4N0c7zgd9OU.GhtH_sixV6,WHMzW,y5sj_,QRhD-,sgn0W,5YV3f,jDpBf,QBB5x,KADO9,uB9-x,SNlU5
jf.wyhKYmRoVWaGc3mNbaOZfw4uo0MWK7FclzPwLda0fwA1ObyuvdrY0mPe.Ui9k,IXuzt,zvga8,s1YYV,vXsI2,5YV3f,hcZ1c,2NWK6,Z8aLm,uB9-x,l0FNy
vxMxCQb9.KOkw4qhwE10HkXEZbK88WHJKI4EdXnOrmnC3UJNpVencmBf-3LiW_Zh,6K5IC,.sSje,mnmmN,JzxyC,cqP66,jDpBf,H2reS,Z8aLm,.t.j4,WiZaH
K0nH1rzCQH9UogRcCZLlDiC.0WjAl5N2djEJT0UBW3Ej3nJ2iwEeu4nh5Nmz1wvQ,60X-U,wvj05,rhPMP,sWybg,BN7YN,WAa3x,QBB5x,iGEzy,uB9-x,IUVB1
eQrLJNQdCXYiWXJ9ZFgwE5GHZ8a3MjCMg4Mx5_N3R5b1loC3_iLpqLCEGDxZ7Lj2,yLHxO,.sSje,HBn8A,LDj0t,0o1Fa,gkKdx,QBB5x,WGxtU,FAYRl,_N2pO
FZNnZALXcN610IcoGdK529E5qOyilctSv_-o5d0ig5BcSvAw5Y7ggX8odEmyj-P1,Avzqh,ZZkMw,HBn8A,3TH8m,BN7YN,y.yeW,TioYt,iGEzy,lJyfp,0L4mR
-NXZbIQZIzT.YqRbZntE1T5fhkPSxJU.FLvei3xGwaxlIB32LF-48w0B3XWRhaH-,TjpNU,y5sj_,s1YYV,3TH8m,XqACJ,hcZ1c,TioYt,7CuyX,mu2K_,l0FNy
ySPhBKElhCVFDHbvKKSYmisHbOQVruCkGQZUPw1KdHtehDmOs64R.tYUzpdURTSX,Fa_Hf,ZZkMw,mnmmN,jUUiE,0o1Fa,CZ_Ri,OtGuY,Z8aLm,mu2K_,jCkx5
ymWk7U0pBXU-Z9ulSk_YPvvQT6v_safkL0JeZnPEkB-eQi8NWm1skQwvjE6VZVS4,NMFma,zvga8,.ZeEz,LDj0t,Y86NM,gkKdx,vplUv,oN1Ja,FAYRl,WiZaH
g3LymhkwOOgGFwEFi31z9faJAqT5I_s_JgOKiYJjV-Gh-PCxL3IR6SFDbTfzQ5ev,-xvg1,wvj05,rhPMP,vXsI2,TTX6z,y.yeW,RA279,WGxtU,pv91O,WiZaH
KROG._cGgb6v1pnphQH0bK1jM1ZLUcyJ11DfkXyc5b9yh_bTaiLpnNSplnhVu.vL,mDO3B,wvj05,QRhD-,jUUiE,5YV3f,gkKdx,RA279,oN1Ja,uB9-x,IUVB1
VZgRu.59Z9EMbSgBqqxKy_c6HAEr-IVdkIkFxQ_2kpROaqWXppwTGFJdum6T1pmO,EqB5X,.sSje,rhPMP,sgn0W,TTX6z,LBww9,H2reS,xE_OZ,pv91O,_N2pO
JSg-glkIXIZ6Y5pAeRrknaoUL1mDVeav8UiWVgtlQo5g8KvbYpffof0UwJuPTsxP,027SN,.sSje,HBn8A,vXsI2,jc_dh,LBww9,RA279,Z8aLm,uB9-x,VmTXi
EeA3BSewN3EmsUx60UflgmwwFu5edfqKyLYivIuoFOEPfoKdDc-inoauHT3jXGzB,PoFw7,.sSje,p4oda,jUUiE,BN7YN,hcZ1c,RA279,oN1Ja,.t.j4,jCkx5
7R9DIzvY1rdxYyM2tWWl2E1l3P5gMJ.ZxqMmhL7QEDcAL6Yu8oSIMb990y7IHo_Y,tskaj,6Xwg-,p4oda,3TH8m,0o1Fa,Nspvn,hPAXK,x5FBU,Z8Z7L,WiZaH
Yf4IWHLdwRRMitxsftJaSRhMVbpX76pVoDtrWyIYK51Kq9ODbFoFwj0VW9lH2p6i,ebOD7,vF-X9,p4oda,JzxyC,5YV3f,6f3E_,OtGuY,yS8md,uB9-x,VmTXi
jHeU_q30Q7hCxZFGd1_A_cSL5VGlWldZa.IhpSObxv0hdyOb9pIA5C6mJSs0L8dP,vsAIR,wvj05,rhPMP,sgn0W,5YV3f,y.yeW,H2reS,KADO9,mu2K_,VmTXi
D3xYVf3sbemm9m8nRBespy7SVMecIdtIv3vBmc8TsP4071RFF-3xVXuRK3_88qX4,DkT8X,Q78Tu,why8W,JzxyC,TTX6z,jDpBf,OtGuY,Z8aLm,YDtVC,VmTXi
edxc6G9OMWjk8xYr5u9l7T0JqTQF4S3aSSHv3QhMI9lteNCrSk1H4cHdyGpfzg7Q,Zxz_Q,zvga8,HBn8A,w-iC3,KhqlJ,LBww9,TioYt,7CuyX,uB9-x,VmTXi
CsszyRd308vEv1rlj_O99.uYXDpGSEkqSzF6yhBa5zBJEQvUF_8bNjsXJbirvMHz,4sKj8,zvga8,.ZeEz,JzxyC,KhqlJ,hcZ1c,TioYt,7CuyX,mu2K_,_xpC6
VAoEHdog3zMGQ8QYEckfn0RZdYFjSQ0DDZ0cHouTXtl0lvoBB2gy0U7pJT2WYpb-,eD1eq,ZZkMw,.2BK1,sgn0W,TTX6z,6f3E_,OtGuY,xE_OZ,mu2K_,WiZaH
LKNrFohTi4sl1XqtTnwEW6dstDAIvQIW55ezPRmUbwcqSu-JkYRarcJjKicUHOF7,tIXF.,ZZkMw,.2BK1,jUUiE,cqP66,jDpBf,vplUv,iGEzy,lJyfp,WiZaH
sdEmH9afMl-kba9hnFD20f9V-iuBnvjqKMUw.d3mQyJJ0hrS-.lvShoUprqezAnJ,Y-rdc,TkvHh,.ZeEz,w-iC3,jc_dh,HsCkP,OtGuY,MS-Mm,uB9-x,_xpC6
0IlarcpzrkQ1bLaeBgGM7cHcII.hiZUPWz.GW4.WrN3BxX8dPyh_n0fJqbTR1Ac6,dkzJ4,ZZkMw,.2BK1,sgn0W,5YV3f,WAa3x,gOE3J,yS8md,lJyfp,jCkx5
ia3UgyK98mNONH_2.pRdipUY2ChN6qpvYQu9RYoiOGTywjK-.7nQC-1qkbD_DuhK,inNgL,y5sj_,mnmmN,doesL,BN7YN,Nspvn,QBB5x,Z8aLm,y1w2j,0L4mR
PJAIINYuhgOirZ5bAuWHks5NNGlR5-RG9xJws2.B_aLai-BWold2fbo5iSi9oBH1,EEV6i,ZZkMw,7UUWt,X3U0D,5YV3f,hcZ1c,2NWK6,WGxtU,FAYRl,SNlU5
F9ma91lFwK8GuI7UVrv-QBh8uFqicdGXNJa5DxpHt64pn35DjKtmjrrH.Sye0yQc,LcCF0,6Xwg-,mnmmN,vXsI2,Y86NM,hcZ1c,vplUv,Z8aLm,uB9-x,_N2pO
_pJuriJX_pwdyO58X58rPRYP6C80J3xMK1TTcKVCLlI013AChmPKVOm-K9RI0eXs,xYVH7,Q78Tu,s1YYV,X3U0D,XqACJ,hcZ1c,TioYt,MS-Mm,mu2K_,0L4mR
Kki1trPZym6I9KlFTt4JkGRFYuiDfQy-NSskRYNAPSj3.X9IIrp.vdBR.TSc3bi8,U3Ake,TkvHh,why8W,X3U0D,5YV3f,6f3E_,RA279,KADO9,YgFLI,0L4mR
nVr2MhotMZ_mFNOGfNlmOvOm4ETnAM8NDK4rp3C8obJ3viCZ1kSfoZvFmm0d1Y6z,vIIIw,.sSje,s1YYV,LDj0t,KhqlJ,y.yeW,vplUv,Z8aLm,lJyfp,_N2pO
scEcit28Fi5AQCAG9_cr6x38_kBoBExmWim-SiYbcpoXVNxPc35p6Am58DcTpw7.,tox2P,Q78Tu,.ZeEz,w-iC3,KhqlJ,LBww9,OtGuY,Z8aLm,mu2K_,VmTXi
Nw87Uefqasy6JAsUWEc98.J1.kNJpYfDgogXNg4UJMBps2TnHHNgN3nvJeLBW1pT,m4TG5,TkvHh,QRhD-,doesL,TTX6z,6f3E_,TioYt,KADO9,.t.j4,_N2pO
ou4.HTXhlWarqQxDlLVylNLs-bx8GV4nsKNMyQzowom-m2RH2xvdh-LLnuJ3e4-O,6vTIN,3cB27,QRhD-,vXsI2,BN7YN,gkKdx,OtGuY,x5FBU,.t.j4,0L4mR
7_aVonVN4ts7Pa8jTAWnujwOZiE8kHSl0PglmTbZx6z8V0TSPeIlgy_oI4LELxdz,omFy3,zvga8,why8W,doesL,TTX6z,Nspvn,vplUv,oN1Ja,YDtVC,VmTXi
heU-iMZYWFRYVoWaj4tSf6c4k04uz4qC6B40rQUWYJf6kC.tGy5tfpcnloMjwt5J,ZhOaM,zvga8,HBn8A,sWybg,KhqlJ,CZ_Ri,vplUv,yS8md,Z8Z7L,IUVB1
J95X7WIaJRksOCqnxgyPvl1IzlQdVJsKlS4Yc-KZjaENPIirvGRW1gwGBIiwYeRH,BMaRN,TkvHh,s1YYV,JzxyC,jc_dh,WAa3x,H2reS,KADO9,pv91O,WiZaH
BR4T8KUcRO11nYpcmts22fpPd4dQhfDMy1T8jRJrEsjYN30lRPQIaIJYT5ZfFV.8,c1HeW,y5sj_,why8W,vXsI2,XqACJ,LBww9,TioYt,KADO9,Z8Z7L,l0FNy
ix.uUMQyX8aXYDXCHZ3SrVmZ7OgfDW-wGljtI7SP6_1SLau2VqhnjilulZW-od9W,hhGOM,zvga8,s1YYV,JzxyC,Y86NM,hcZ1c,TioYt,WGxtU,lJyfp,OvQhg
QsAJbT8r-K04OX8VINV-VGezHRM7T.dpiqB.AYN1EB6Wkad5ISSK.NOvHpJ8WVEu,PAy0n,wvj05,s1YYV,sgn0W,5YV3f,Nspvn,hPAXK,7CuyX,uB9-x,l0FNy
CZQRSEmMWo5uFwD2HMzuAFO00TnXe2fx75IiB9D4Ol7DrVYzzdXAU-frvJTPfWru,RY4oI,TkvHh,QRhD-,jUUiE,XqACJ,gkKdx,OtGuY,KADO9,mu2K_,l0FNy
cBatK45tvSN.YLKXFZLJ27X6DgBAo_hD0.uTHHvUMIgB5wx1.P-uTVzpc.AE5MmY,6Tzyw,Q78Tu,rhPMP,JzxyC,Tgme-,WAa3x,RA279,KADO9,mu2K_,VmTXi
4qSVQxTWIrKkhFkakD80yagnMLN9JyMWelqlrRmCBOaGucICXRv3FDZANe96-2ME,Mf4f6,TkvHh,why8W,X3U0D,0o1Fa,6f3E_,QBB5x,yS8md,uB9-x,_xpC6
7cbDfrMYa181-BOxHQQUVMZzrSE23-CvOFbCcacPrWcUR2fFkP9I3xry-8QPwRJa,77LaV,TkvHh,.ZeEz,LDj0t,0o1Fa,HsCkP,hPAXK,7CuyX,lJyfp,l0FNy
nkjQXGHdm3OXtmr-q9M1XYfO48kI8lZf2.7P0mgBgAhUdbi68pCVX0fdPSTB7c65,TINyb,3cB27,7UUWt,sWybg,KhqlJ,6f3E_,gOE3J,Z8aLm,YgFLI,_xpC6
7nhcrhlWnxvfA_CEuzCMTyu-mJJZOOjPRUJJNO8QeQQOB5cAJ3tWwUo9CZgg-3Ew,Y_ZPR,vF-X9,s1YYV,X3U0D,Y86NM,HsCkP,H2reS,Z8aLm,FAYRl,WiZaH
rt8dDzQKltH_5ImgCCDY8iyhOisne.1ZSuyVCx7crGHRU1GkY47Hlm52xlgI_ySi,.B1W0,.sSje,why8W,doesL,jc_dh,gkKdx,H2reS,WGxtU,uB9-x,IUVB1
Uf3FUznc4NaVX55dTCCHhESPtpjypvZ_eKCBRHpSszR8Jd6_UEn-w_AfrYf5GyOj,-U66z,ZZkMw,mnmmN,JzxyC,TTX6z,jDpBf,OtGuY,MS-Mm,.t.j4,VmTXi
M-GRn-NLtuHWUVWUFdujLf80wf8m858KaakvMEW5EAStpDY2p9isGit8E_cLMWGn,d-dvC,vF-X9,why8W,w-iC3,cqP66,6f3E_,OtGuY,7CuyX,YDtVC,OvQhg
iq_6uIMbj9sh.uJpRo5I0lk.JFRi0jGwZ_w5oPROySeYQakLHfjpMkzLnu.dDGkq,7712n,vF-X9,rhPMP,JzxyC,XqACJ,gkKdx,vplUv,yS8md,mu2K_,jCkx5
bvbV-5iSYyLQjC_3wrcQWBtTTW1zBtfNH.6QYhfu0l74rPRiKPbgP0atZRAPuKxc,czXft,y5sj_,.ZeEz,X3U0D,TTX6z,y.yeW,gOE3J,7CuyX,uB9-x,jCkx5
a7V291cXiQaTPzOdECmH.chiXqlNEL1D72m8bP2HbfyP7Criic_83ycltG-r.CY.,Jmpdw,vF-X9,QRhD-,w-iC3,Tgme-,6f3E_,gOE3J,KADO9,lJyfp,0L4mR
Y_EIxCuS04tJPZCXJ.hFKutrdWda-v2ezWI67yb2eLGkwtfiQSdiPCcynRqTv4O0,Udx0e,6Xwg-,rhPMP,vXsI2,Y86NM,CZ_Ri,hPAXK,xE_OZ,lJyfp,jCkx5
O0b1TdAC-Bi8y9og1l1ZdTAjy17sKDXIae.O_Qyhlslz_EkWpN89GKCcFQvczHwd,l8RRR,.sSje,rhPMP,jUUiE,TTX6z,HsCkP,OtGuY,7CuyX,mu2K_,_xpC6
CAzk6GdVGhfw.jRzzwHXMMrNTL09WLUvB5ClwvO9mMyFL2hy1osDPtQHYE0TW7sS,p9.uq,vF-X9,.ZeEz,w-iC3,5YV3f,6f3E_,QBB5x,7CuyX,YgFLI,_xpC6
Eg2z4y3_HnKBKseubLL9_d64KI8tYYcjLXBXymJ.QHJRW0g6P1et6QGSiXMKbcG-,Tz7eE,Q78Tu,rhPMP,vXsI2,Y86NM,hcZ1c,OtGuY,7CuyX,pv91O,WiZaH
p3ZU0rx9zQWS89-In7yjrgt6hwj_A6yxUQp1DLINvBmma20gXg3rclZKkopPpo2u,rRJh.,3cB27,.ZeEz,sgn0W,KhqlJ,Nspvn,RA279,yS8md,y1w2j,_xpC6
ztFSHr15WnlLIRXLE4awq-Y9nP7hD7Z1TYJ61z1RD2CF4m24ymbbo_WDLORowiJT,h_5F_,.sSje,p4oda,w-iC3,Y86NM,CZ_Ri,2NWK6,x5FBU,Z8Z7L,IUVB1
_z1UDrAPxu32FU9kOnHxOtLqLXZYMKxMpD.jx_XALdYxwGdH4Tp2o874smnch_9G,..OBw,wvj05,s1YYV,vXsI2,0o1Fa,hcZ1c,2NWK6,7CuyX,lJyfp,0L4mR
w4El9gUmsy0ni9_7jpd77E-I2rWYB4VEwG5YWVxdL4Zt4n2a5lFnjWsa.VFBsd_V,3tSrV,3cB27,.2BK1,vXsI2,KhqlJ,y.yeW,vplUv,oN1Ja,.t.j4,IUVB1
qTX_Y1q_xjMHnF5nh-azhzYXeH9vTrXQR6.U0Wn8_nu-YVfZtNsD.e_MhdISyTqe,sHbrf,6Xwg-,QRhD-,JzxyC,jc_dh,CZ_Ri,2NWK6,iGEzy,y1w2j,OvQhg
8AlDT6lN-cJkg3ZIUn8dgSPun.LXudVy2kmt0X6dBH4ZlyTR8RgFlu1uvf4_lXjb,V6jLz,6Xwg-,rhPMP,JzxyC,Y86NM,y.yeW,TioYt,Z8aLm,y1w2j,jCkx5
8i-piFuFrYY.vC20-tJTpOqUEtwD3HWamN4q7Wx7xE_f7.r7TROqboTfCDCl3uUc,RG-ay,y5sj_,7UUWt,vXsI2,TTX6z,CZ_Ri,gOE3J,yS8md,FAYRl,WiZaH
3b2CcrhFSbFlene8mnabZV.aJx_04KA_ARWx_g0C7WXS_DcuSi6FmbdOr.lJCakS,7gaUt,TkvHh,.2BK1,sgn0W,0o1Fa,gkKdx,gOE3J,MS-Mm,uB9-x,WiZaH
cSjtpl5CKeN-hAmCDqQfBSWO3n_UcFrfmitZwD7Z7E3EJLiYK3nWOm7-Kw54kuF8,5sY5n,Q78Tu,mnmmN,LDj0t,cqP66,jDpBf,QBB5x,x5FBU,.t.j4,l0FNy
Ar39nb6fMRxuk-8HtvmV-URcjByiiY8ib3TapsMfqpbv9MpszqivPYuSGv3y8gGS,WZBtf,y5sj_,mnmmN,w-iC3,jc_dh,gkKdx,TioYt,oN1Ja,lJyfp,0L4mR
RGJ_RzDFMrf2jkLmXHPgoED1cRvP3-wS4AW8hhufsEwNCI6zqkxQnUM3RSpt3z5o,myig.,TkvHh,.2BK1,jUUiE,XqACJ,CZ_Ri,vplUv,7CuyX,YDtVC,IUVB1
Stwp4N8x8ho1jnI_o9X84Vhq8wbH7sZG_U0YWkaN6x34WB9Y.SdOeGIFY-DOMOTU,.NKKJ,.sSje,HBn8A,sgn0W,cqP66,HsCkP,TioYt,Z8aLm,uB9-x,_xpC6
2bcDfbn0IiqriF4VkyI9S6_113XHzFAlbOkTtOz_IqAvNVOS04hEN2Ot17hHoFJ_,xhh_q,.sSje,.ZeEz,vXsI2,XqACJ,WAa3x,gOE3J,MS-Mm,.t.j4,IUVB1
CDvax6Nkhgb1AwHieC4WlefTSlMVxkzT6qV39.ijEFEKA-TQzqNRWWeBX9A-46nD,.2Z_Q,3cB27,why8W,sgn0W,cqP66,HsCkP,RA279,yS8md,Z8Z7L,_xpC6
SN96W6s.VFqDFqYH9Y9EGnVDK75dfH3YNXKffVq0JwMrVKxI9r-s-cTduK-lqSX6,FpaqX,y5sj_,7UUWt,vXsI2,jc_dh,hcZ1c,Z7tYe,iGEzy,.t.j4,jCkx5
FUpWRmZvnih.6zMYWUComEq6TFtbwQdruxQ.Q6OfeEEcbhhv0M7Ab8tdvVdL0TIG,h.ADm,Q78Tu,p4oda,vXsI2,0o1Fa,y.yeW,TioYt,x5FBU,mu2K_,_N2pO
CEkkNPIZJ4mdHBWmK_G19eR_GYgHcw7MTCOfC__Aybl-yaRkedCHw7artHLn.AY7,BP6wl,TkvHh,mnmmN,sWybg,TTX6z,6f3E_,H2reS,WGxtU,y1w2j,OvQhg
kVP72Nk6ZBcx4GPJEwnO1O4WW3RjQ9BZvOYdDnar8bc89gz2oJtdWLzZahoJVXQT,i-IeS,vF-X9,p4oda,3TH8m,TTX6z,6f3E_,hPAXK,KADO9,y1w2j,SNlU5
IxkHDszeIVovMejKkecdDvAR9H0mwRmTeoKuxKWQJ4NL7AW.Kgf645tWiVjP4c_5,Na.pP,zvga8,QRhD-,LDj0t,Tgme-,6f3E_,TioYt,xE_OZ,FAYRl,l0FNy
MZYJv_oCqB2wyptyYV816N23htR.ilqlbhkPPCNJ7MaXn.fCDBNMRjsiX_SccI4V,FDEj5,ZZkMw,.ZeEz,LDj0t,BN7YN,hcZ1c,H2reS,MS-Mm,uB9-x,0L4mR
1EtXi8Mr.3ViWj32-q0E26bpRWuudnv4bvfKurST55KHU_6oPMGXOkYreIhVbugm,Dd4MM,.sSje,s1YYV,doesL,KhqlJ,jDpBf,QBB5x,Z8aLm,.t.j4,OvQhg
